policy,phase,target,query,operation,first_ms,first_result_count,p50_ms,p95_ms,samples_ms
none,cold_queries,code_review_graph/graph.py::GraphStore.close,close,incoming_edges,1.307987999098259,340,0.8796199999778764,0.9747730000526644,0.9747730000526644;0.9170400007860735;0.8845850006764522;0.9116689998336369;0.8864819992595585;0.873345999934827;0.8636860002297908;0.8746549992793007;0.8621060005680192;0.8658530005050125
none,cold_queries,code_review_graph/graph.py::GraphStore.close,close,outgoing_edges,0.9871870006463723,244,0.6236380004338571,0.6385800006682985,0.6385800006682985;0.6182209999678889;0.625173001026269;0.5918599999858998;0.6212459993548691;0.6292360012594145;0.6221029998414451;0.6374059994413983;0.6196659996930975;0.6282419999479316
none,cold_queries,code_review_graph/graph.py::GraphStore.close,close,impact_2hop,84.63888299957034,1621,86.25099399978353,95.8884739993664,83.74806799838552;83.68491800138145;87.47852200031048;85.77453100042476;95.8884739993664;86.41848199840751;86.08350600115955;86.49345699996047;85.28472900070483;89.06361700064735
none,cold_queries,code_review_graph/graph.py::GraphStore.close,close,blast_radius_3hop,114.08940000001166,1737,111.03672799981723,246.64446600036172,110.68742099996598;109.72090900031617;112.15872200045851;111.38603499966848;110.35578600058216;114.46468400026788;109.30089200155635;122.53185199915606;246.64446600036172;108.65901700162794
none,cold_queries,code_review_graph/graph.py::GraphStore.close,close,fts,0.28157599990663584,20,0.060824499087175354,0.0896459987416165,0.0896459987416165;0.06675999975414015;0.058273999457014725;0.05479799983731937;0.0715000005584443;0.06337499871733598;0.05349000093701761;0.06716700045217294;0.05123299888509791;0.05082600000605453
none,final_queries,code_review_graph/graph.py::GraphStore.close,close,incoming_edges,1.310334999288898,340,0.8657625003252178,1.0104329994646832,1.0104329994646832;0.9148739991360344;0.8587660013290588;0.8600750006735325;0.8760089986026287;0.8714499999769032;0.852356999530457;0.855291000334546;0.8539820009900723;0.9060720003617462
none,final_queries,code_review_graph/graph.py::GraphStore.close,close,outgoing_edges,0.8838639987516217,244,0.6202304994076258,0.6435899995267391,0.6435899995267391;0.6219690003490541;0.6159199983812869;0.6094189993746113;0.623728999926243;0.6422799997380935;0.6093749980209395;0.640430000203196;0.6184919984661974;0.6082460022298619
none,final_queries,code_review_graph/graph.py::GraphStore.close,close,impact_2hop,79.02828700025566,1621,82.44209350050369,95.10719700119807,83.0433430019184;80.10972400006722;81.40015299795778;95.10719700119807;85.12469500055886;84.89543500036234;85.07928600010928;78.42915899891523;81.84084399908897;80.76753200293751
none,final_queries,code_review_graph/graph.py::GraphStore.close,close,blast_radius_3hop,102.66551699896809,1737,100.00464949735033,109.30052300318494,105.49211199759156;100.87910200309125;97.95284099891433;101.04950100139831;99.23284300020896;109.30052300318494;99.81134299960104;98.87245500067365;100.1818419972551;99.82745699744555
none,final_queries,code_review_graph/graph.py::GraphStore.close,close,fts,0.22858300144434907,20,0.0631715010968037,0.08274000356323086,0.08274000356323086;0.06784400102333166;0.06337500235531479;0.0666250016365666;0.06527100049424917;0.058950998209184036;0.05764199886471033;0.058363999414723366;0.0629679998382926;0.06256200140342116
checkpoint,cold_queries,code_review_graph/graph.py::GraphStore.close,close,incoming_edges,1.2767519983754028,340,0.87517500105605,0.933110000914894,0.933110000914894;0.9013320013764314;0.8795760004431941;0.8542979994672351;0.8566899996367283;0.8750170018174686;0.8621970009698998;0.8753330002946313;0.8825090008031111;0.8621070010121912
checkpoint,cold_queries,code_review_graph/graph.py::GraphStore.close,close,outgoing_edges,0.8635060003143735,244,0.6184925005072728,0.6325760004983749,0.6212910011527129;0.618041001871461;0.6126240004959982;0.609961000009207;0.6189439991430845;0.6114050011092331;0.6062149986973964;0.6233679996512365;0.6202980002854019;0.6325760004983749
checkpoint,cold_queries,code_review_graph/graph.py::GraphStore.close,close,impact_2hop,78.60461399832275,1621,77.80574650132621,86.35026100091636,79.08845699785161;76.85557399963727;77.87201000246569;77.60912199955783;77.70499699836364;86.35026100091636;77.73948300018674;78.22883300104877;78.81329099836876;77.2118099994259
checkpoint,cold_queries,code_review_graph/graph.py::GraphStore.close,close,blast_radius_3hop,98.60730900254566,1737,100.06709950175718,102.88759999821195,98.7940479972167;102.04115699889371;100.02837000138243;99.01373899992905;98.89506900071865;99.11105799983488;101.00892099944758;100.11490100077935;102.88759999821195;100.10582900213194
checkpoint,cold_queries,code_review_graph/graph.py::GraphStore.close,close,fts,0.22542399892699905,20,0.05344399869500194,0.07307999840122648,0.07307999840122648;0.05877100193174556;0.05416599742602557;0.052721999963978305;0.05150400102138519;0.05538499681279063;0.06721200043102726;0.05190899901208468;0.05190999945625663;0.05199999941396527
checkpoint,final_queries,code_review_graph/graph.py::GraphStore.close,close,incoming_edges,1.3222080015111715,340,0.889438999365666,1.3362010031414684,0.9282810024160426;0.8667559995956253;1.3362010031414684;0.9565830005158205;0.9066139973583631;0.8558329973311629;0.8659439990879036;0.8579089990234934;0.8722640013729688;0.9099550006794743
checkpoint,final_queries,code_review_graph/graph.py::GraphStore.close,close,outgoing_edges,1.0382840009697247,244,0.640046500848257,0.6689580004604068,0.6651210023846943;0.6343819986796007;0.6172289977257606;0.6360970000969246;0.6345620022329967;0.6614650010305922;0.6689580004604068;0.6505419987661298;0.6259860019781627;0.6439960015995894
checkpoint,final_queries,code_review_graph/graph.py::GraphStore.close,close,impact_2hop,85.435046999919,1621,85.74745250189153,87.434970002505,85.08901199820684;87.434970002505;87.15226499771234;85.16705799775082;85.71576500253286;85.08747800078709;85.7791400012502;85.94177600025432;86.4532900013728;85.39415199993527
checkpoint,final_queries,code_review_graph/graph.py::GraphStore.close,close,blast_radius_3hop,107.99626299922238,1737,110.35828899730404,118.02065699885134,109.8808110000391;110.79320200224174;108.76637699766434;110.53175799679593;110.18481999781216;113.09054500088678;113.61564500111854;109.01527300302405;118.02065699885134;108.91357500076992
checkpoint,final_queries,code_review_graph/graph.py::GraphStore.close,close,fts,0.3412490004848223,20,0.05998950109642465,0.09005199899547733,0.09005199899547733;0.07204199937405065;0.08878799781086855;0.06450299770222045;0.060757000028388575;0.05922200216446072;0.05899600000702776;0.05818399949930608;0.05777800106443465;0.05809299909742549
vacuum,cold_queries,code_review_graph/graph.py::GraphStore.close,close,incoming_edges,1.4288250022218563,340,0.8865724994393531,1.0690680028346833,1.0690680028346833;0.9115800021390896;0.8829609978420194;0.8864369992807042;0.8941109990701079;0.8810200015432201;0.8867079995980021;0.900204002391547;0.8761000026424881;0.8770029999141116
vacuum,cold_queries,code_review_graph/graph.py::GraphStore.close,close,outgoing_edges,0.9776629995030817,244,0.6327789997158106,0.6701769998471718,0.6701769998471718;0.6641729996772483;0.6305450006038882;0.6242710005608387;0.6350129988277331;0.6195309979375452;0.6282430003921036;0.6359619983413722;0.6128509994596243;0.6364129985740874
vacuum,cold_queries,code_review_graph/graph.py::GraphStore.close,close,impact_2hop,86.37971300049685,1621,87.95630099848495,100.23553900100524,87.0766129992262;87.22141799808014;88.88893699986511;88.03694199741585;100.23553900100524;87.87565999955405;87.19370199833065;87.65551800024696;88.51225399848772;88.37683700039634
vacuum,cold_queries,code_review_graph/graph.py::GraphStore.close,close,blast_radius_3hop,110.03261199948611,1737,114.08127499998955,117.07540300267283,114.03719699956127;117.07540300267283;114.83899800077779;112.87541299680015;113.88313800125616;115.06225499761058;111.84868400232517;114.12535300041782;114.57132499708678;112.0472049988166
vacuum,cold_queries,code_review_graph/graph.py::GraphStore.close,close,fts,0.28934000147273764,20,0.05631050044030417,0.0802569993538782,0.0802569993538782;0.05989900091663003;0.05524999869521707;0.0533540005562827;0.05195500125410035;0.0514130006195046;0.050915998144773766;0.06612899960600771;0.06161399869597517;0.05737100218539126
vacuum,final_queries,code_review_graph/graph.py::GraphStore.close,close,incoming_edges,1.2898429995402694,340,0.887227499333676,0.9759479980857577,0.9759479980857577;0.9030930013977922;0.8923499990487471;0.8865729978424497;0.8846320015436504;0.8701879996806383;0.86973600264173;0.8802530028333422;0.9021449986903463;0.8878820008249022
vacuum,final_queries,code_review_graph/graph.py::GraphStore.close,close,outgoing_edges,0.8862569993652869,244,0.6265274987526936,0.6484189980255906,0.6484189980255906;0.635780997981783;0.6269789992074948;0.6477429997175932;0.6425520004995633;0.6260759982978925;0.6176810020406265;0.6218330017873086;0.6195759997353889;0.614611002674792
vacuum,final_queries,code_review_graph/graph.py::GraphStore.close,close,impact_2hop,76.2699299993983,1621,75.86022749819676,77.15212399853044,74.89242800147622;76.47644100143225;75.6373549993441;77.15212399853044;75.32959799937089;76.08309999704943;76.32089199978509;76.16854899970349;75.52365000083228;75.55127500017988
vacuum,final_queries,code_review_graph/graph.py::GraphStore.close,close,blast_radius_3hop,95.14203999788151,1737,96.11489599774359,105.60875200098963,105.60875200098963;95.70483199786395;95.58471700074733;97.138126999198;96.32088699800079;96.55231399665354;96.46059199803858;94.84037800211809;95.90890499748639;95.5116379991523
vacuum,final_queries,code_review_graph/graph.py::GraphStore.close,close,fts,0.24871500136214308,20,0.05951549974270165,0.08319100015796721,0.08319100015796721;0.07813599950168282;0.05953800064162351;0.056559001677669585;0.05583699748967774;0.0543469977856148;0.06021599983796477;0.05949299884377979;0.0596289974055253;0.059268000768497586
incremental,cold_queries,code_review_graph/graph.py::GraphStore.close,close,incoming_edges,1.336876997811487,340,0.8883105001586955,0.9610059969418216,0.9610059969418216;0.9095040004467592;0.9149200013780501;0.8885140014172066;0.8840449991112109;0.8703220009920187;0.8814719985821284;0.8881069989001844;0.8802080010354985;0.9008369997900445
incremental,cold_queries,code_review_graph/graph.py::GraphStore.close,close,outgoing_edges,0.894336000783369,244,0.6261665002966765,0.6604269983654376,0.6604269983654376;0.63948199749575;0.6265730007726233;0.6323960005829576;0.6376319979608525;0.6156939998618327;0.6248580029932782;0.6257599998207297;0.623728999926243;0.6251289996725973
incremental,cold_queries,code_review_graph/graph.py::GraphStore.close,close,impact_2hop,78.03806499941857,1621,79.6585275002144,88.7640540022403,80.10203999947407;78.78145699942252;80.03004399870406;79.77902600032394;79.53802900010487;88.7640540022403;79.79513999816845;78.89024200267158;79.45786300115287;79.32443199752015
incremental,cold_queries,code_review_graph/graph.py::GraphStore.close,close,blast_radius_3hop,101.16789899984724,1737,101.11294300077134,102.12669500106131,99.68784100055927;101.38082000048598;99.87855199869955;100.78525700009777;100.18992099867319;101.22454900192679;101.77059399939026;101.00133699961589;102.12669500106131;101.34664900033385
incremental,cold_queries,code_review_graph/graph.py::GraphStore.close,close,fts,0.21928500063950196,20,0.05899599818803836,0.07551800081273541,0.07551800081273541;0.06215699977474287;0.061208000261103734;0.060757000028388575;0.05208999937167391;0.05222500112722628;0.05285800216370262;0.056468998081982136;0.059988997236359864;0.05800299913971685
incremental,final_queries,code_review_graph/graph.py::GraphStore.close,close,incoming_edges,1.5144540011533536,340,0.9118049983953824,1.0832879997906275,1.0832879997906275;0.9131589977187105;0.9104509990720544;0.9173120015475433;0.907110999833094;0.9013329981826246;0.9140619986283127;0.9936419992300216;0.8899579988792539;0.8460829994874075
incremental,final_queries,code_review_graph/graph.py::GraphStore.close,close,outgoing_edges,0.9610519991838373,244,0.6285814997681882,0.6679649995930959,0.6058530016161967;0.6321250002656598;0.6250379992707167;0.6184930025483482;0.6219690003490541;0.6231420011317823;0.6435439972847234;0.6679649995930959;0.6493229993793648;0.6506319987238385
incremental,final_queries,code_review_graph/graph.py::GraphStore.close,close,impact_2hop,89.06124799977988,1621,90.08808999897155,94.87472899854765,92.51468900038162;90.06125499945483;90.11492499848828;90.57479999682982;89.27868200044031;90.0061860011192;93.66717399825575;94.87472899854765;89.48803599923849;89.57267200094066
incremental,final_queries,code_review_graph/graph.py::GraphStore.close,close,blast_radius_3hop,112.8616210007749,1737,116.67901500004518,129.72979100231896,116.49195999780204;116.81813299946953;115.81253000258585;117.15816400101176;115.05875500006368;116.53989700062084;118.97694499930367;114.03139499816461;129.72979100231896;116.92109499927028
incremental,final_queries,code_review_graph/graph.py::GraphStore.close,close,fts,0.2432530018268153,20,0.06495500019809697,0.0756070003262721,0.0756070003262721;0.06581300112884492;0.0679340009810403;0.06766299702576362;0.06617299732170068;0.06409699926734902;0.06260699956328608;0.06184000085340813;0.057236000429838896;0.06247200144571252
